{
  "loss": 0.005270423833280802,
  "accuracy": 0.0885167197720288
}