{
  "loss": -0.033257924020290375,
  "accuracy": 0.4986925934549359
}