{
  "loss": 0.011547023430466652,
  "accuracy": 0.5839120054266138
}