{
  "loss": 0.038567833602428436,
  "accuracy": 0.6223027377375382
}